<?xml version="1.0" encoding="utf-8"?>
<gpc defaultLocale="en_US" version="4" keySequence="356" currentLocale="fr_FR">
  <product appid="PHSP" version="13" name="Photoshop CS6"/>
  <target id="PHSP-13"/>
  <ConfiguratorPanel name="ColorizStack" width="710" height="55" minHeight="40" init="doInit" close="doClose" persistent="True" extensionId="com.sbaril.colorizstack" extensionVersion="4.0.0" menuName="ColorizStack" flyoutMenuAbout="$$$/Configurator/FlyoutMenu/about" minWidth="540" maxHeight="60" normalIcon="ColorizStackNormal.png" darkNormalIcon="ColorizStackDarkNormal.png">
    <onInit><![CDATA[]]></onInit>
    <aboutBox><![CDATA[Created by Stéphane Baril, Krystal Woods and Jonathan Ferman<br /><br />Créé par Stéphane Baril, Krystal Woods et Jonathan Ferman<br /><br />Created with Configurator<br/><p>Created By <a href='http://kimtag.com/sbaril' target='_blank'>Stéphane Baril</a> using <a href='http://labs.adobe.com/technologies/configurator/' target='_blank'>Configurator</a></p>]]></aboutBox>
    <extensionDescription><![CDATA[ColorizStack focuses on preparing comic book pages for colorization (layers stack and basic fill color areas)]]></extensionDescription>
    <extensionAuthor><![CDATA[Stéphane Baril]]></extensionAuthor>
    <onClose><![CDATA[]]></onClose>
    <eventListeners>
      <function id="doInit" actionType="jsfunction" jsFunctionName="invoke_script">
        <param id="onInit"/>
      </function>
      <function id="doClose" actionType="jsfunction" jsFunctionName="invoke_script">
        <param id="onClose"/>
      </function>
    </eventListeners>
    <canvas _itemId="container_canvas" toolTip="$$$/Configurator/Container/Canvas/desc" label="$$$/Configurator/key_###26" width="100%" height="100%" cfgVisible="$$$/Configurator/Attribute/visible/value###27" top="5" bottom="0" left="5" right="5" x="0" y="0">
      <ps_script_file _itemId="ps_actionscript_scriptfile" label="$$$/Configurator/ActionScript/ScriptFile/name###293" toolTip="$$$/Configurator/ActionScript/ScriptFile/desc###294" cfgVisible="$$$/Configurator/Attribute/visible/value###295" fileUrl="$$$/Configurator/key_###296" icon="ps_script_file" overIcon="ps_script_file_r" showIcon="true" mouseUpIcon="icons/IconUp/layerbg.png" mouseOverIcon="icons/IconOver/layerbg.png" mouseDownSkinIcon="icons/IconOver/layerbg.png" x="136" width="30" height="30"/>
      <ps_script_file _itemId="ps_actionscript_scriptfile" label="$$$/Configurator/ActionScript/ScriptFile/name###297" toolTip="$$$/Configurator/ActionScript/ScriptFile/desc###298" cfgVisible="$$$/Configurator/Attribute/visible/value###299" fileUrl="$$$/Configurator/key_###300" icon="ps_script_file" overIcon="ps_script_file_r" showIcon="true" x="168" width="30" height="30" mouseUpIcon="icons/IconUp/layerfg.png" mouseOverIcon="icons/IconOver/layerfg.png" mouseDownSkinIcon="icons/IconOver/layerfg.png"/>
      <ps_script_file _itemId="ps_actionscript_scriptfile" label="$$$/Configurator/ActionScript/ScriptFile/name###301" toolTip="$$$/Configurator/ActionScript/ScriptFile/desc###302" cfgVisible="$$$/Configurator/Attribute/visible/value###303" fileUrl="$$$/Configurator/key_###304" icon="ps_script_file" overIcon="ps_script_file_r" showIcon="true" x="208" width="30" height="30" mouseUpIcon="icons/IconUp/colorpicker.png" mouseOverIcon="icons/IconOver/colorpicker.png" mouseDownSkinIcon="icons/IconOver/colorpicker.png"/>
      <ps_script_file _itemId="ps_actionscript_scriptfile" label="$$$/Configurator/ActionScript/ScriptFile/name###305" toolTip="$$$/Configurator/ActionScript/ScriptFile/desc###306" cfgVisible="$$$/Configurator/Attribute/visible/value###307" fileUrl="$$$/Configurator/key_###308" icon="ps_script_file" overIcon="ps_script_file_r" showIcon="true" x="248" width="30" height="30" mouseUpIcon="icons/IconUp/paintbuckettoolall.png" mouseOverIcon="icons/IconOver/paintbuckettoolall.png" mouseDownSkinIcon="icons/IconOver/paintbuckettoolall.png"/>
      <ps_script_file _itemId="ps_actionscript_scriptfile" label="$$$/Configurator/ActionScript/ScriptFile/name###309" toolTip="$$$/Configurator/ActionScript/ScriptFile/desc###310" cfgVisible="$$$/Configurator/Attribute/visible/value###311" fileUrl="$$$/Configurator/key_###312" icon="ps_script_file" overIcon="ps_script_file_r" showIcon="true" x="288" width="30" height="30" mouseUpIcon="icons/IconUp/brushpresetone.png" mouseOverIcon="icons/IconOver/brushpresetone.png" mouseDownSkinIcon="icons/IconOver/brushpresetone.png"/>
      <ps_script_file _itemId="ps_actionscript_scriptfile" label="$$$/Configurator/ActionScript/ScriptFile/name###313" toolTip="$$$/Configurator/ActionScript/ScriptFile/desc###314" cfgVisible="$$$/Configurator/Attribute/visible/value###315" fileUrl="$$$/Configurator/key_###316" icon="ps_script_file" overIcon="ps_script_file_r" showIcon="true" x="320" width="30" height="30" mouseUpIcon="icons/IconUp/magicwandtoolall.png" mouseOverIcon="icons/IconOver/magicwandtoolall.png" mouseDownSkinIcon="icons/IconOver/magicwandtoolall.png"/>
      <ps_script_file _itemId="ps_actionscript_scriptfile" label="$$$/Configurator/ActionScript/ScriptFile/name###317" toolTip="$$$/Configurator/ActionScript/ScriptFile/desc###318" cfgVisible="$$$/Configurator/Attribute/visible/value###319" fileUrl="$$$/Configurator/key_###320" icon="ps_script_file" overIcon="ps_script_file_r" showIcon="true" x="352" width="30" height="30" mouseUpIcon="icons/IconUp/inverse.png" mouseOverIcon="icons/IconOver/inverse.png" mouseDownSkinIcon="icons/IconOver/inverse.png"/>
      <ps_script_file _itemId="ps_actionscript_scriptfile" label="$$$/Configurator/ActionScript/ScriptFile/name###321" toolTip="$$$/Configurator/ActionScript/ScriptFile/desc###322" cfgVisible="$$$/Configurator/Attribute/visible/value###323" fileUrl="$$$/Configurator/key_###324" icon="ps_script_file" overIcon="ps_script_file_r" showIcon="true" x="384" width="30" height="30" mouseUpIcon="icons/IconUp/selectionexpandone.png" mouseOverIcon="icons/IconOver/selectionexpandone.png" mouseDownSkinIcon="icons/IconOver/selectionexpandone.png"/>
      <ps_script_file _itemId="ps_actionscript_scriptfile" label="$$$/Configurator/ActionScript/ScriptFile/name###325" toolTip="$$$/Configurator/ActionScript/ScriptFile/desc###326" cfgVisible="$$$/Configurator/Attribute/visible/value###327" fileUrl="$$$/Configurator/key_###328" icon="ps_script_file" overIcon="ps_script_file_r" showIcon="true" x="416" width="30" height="30" mouseUpIcon="icons/IconUp/selectioncontractone.png" mouseOverIcon="icons/IconOver/selectioncontractone.png" mouseDownSkinIcon="icons/IconOver/selectioncontractone.png"/>
      <ps_script_file _itemId="ps_actionscript_scriptfile" label="$$$/Configurator/ActionScript/ScriptFile/name###329" toolTip="$$$/Configurator/ActionScript/ScriptFile/desc###330" cfgVisible="$$$/Configurator/Attribute/visible/value###331" fileUrl="$$$/Configurator/key_###332" icon="ps_script_file" overIcon="ps_script_file_r" showIcon="true" x="448" width="30" height="30" mouseUpIcon="icons/IconUp/fillfgcolor.png" mouseOverIcon="icons/IconOver/fillfgcolor.png" mouseDownSkinIcon="icons/IconOver/fillfgcolor.png"/>
      <ps_script_file _itemId="ps_actionscript_scriptfile" label="$$$/Configurator/ActionScript/ScriptFile/name###333" toolTip="$$$/Configurator/ActionScript/ScriptFile/desc###334" cfgVisible="$$$/Configurator/Attribute/visible/value###335" fileUrl="$$$/Configurator/key_###336" icon="ps_script_file" overIcon="ps_script_file_r" showIcon="true" x="480" width="30" height="30" mouseUpIcon="icons/IconUp/deselect.png" mouseOverIcon="icons/IconOver/deselect.png" mouseDownSkinIcon="icons/IconOver/deselect.png"/>
      <ps_script_file _itemId="ps_actionscript_scriptfile" label="$$$/Configurator/ActionScript/ScriptFile/name###337" toolTip="$$$/Configurator/ActionScript/ScriptFile/desc###338" cfgVisible="$$$/Configurator/Attribute/visible/value###339" fileUrl="$$$/Configurator/key_###340" icon="ps_script_file" overIcon="ps_script_file_r" showIcon="true" x="512" width="30" height="30" mouseUpIcon="icons/IconUp/selectionexpandfillone.png" mouseOverIcon="icons/IconOver/selectionexpandfillone.png" mouseDownSkinIcon="icons/IconOver/selectionexpandfillone.png"/>
      <ps_script_file _itemId="ps_actionscript_scriptfile" label="$$$/Configurator/ActionScript/ScriptFile/name###341" toolTip="$$$/Configurator/ActionScript/ScriptFile/desc###342" cfgVisible="$$$/Configurator/Attribute/visible/value###343" fileUrl="$$$/Configurator/key_###344" icon="ps_script_file" overIcon="ps_script_file_r" showIcon="true" x="544" width="30" height="30" mouseUpIcon="icons/IconUp/selectionexpandfilltwo.png" mouseOverIcon="icons/IconOver/selectionexpandfilltwo.png" mouseDownSkinIcon="icons/IconOver/selectionexpandfilltwo.png"/>
      <ps_script_file _itemId="ps_actionscript_scriptfile" label="$$$/Configurator/ActionScript/ScriptFile/name###345" toolTip="$$$/Configurator/ActionScript/ScriptFile/desc###346" cfgVisible="$$$/Configurator/Attribute/visible/value###347" fileUrl="$$$/Configurator/key_###348" icon="ps_script_file" overIcon="ps_script_file_r" showIcon="true" x="584" width="30" height="30" mouseUpIcon="icons/IconUp/lassotool.png" mouseOverIcon="icons/IconOver/lassotool.png" mouseDownSkinIcon="icons/IconOver/lassotool.png"/>
      <ps_script_file _itemId="ps_actionscript_scriptfile" label="$$$/Configurator/ActionScript/ScriptFile/name###349" toolTip="$$$/Configurator/ActionScript/ScriptFile/desc###350" cfgVisible="$$$/Configurator/Attribute/visible/value###351" fileUrl="$$$/Configurator/key_###352" icon="ps_script_file" overIcon="ps_script_file_r" showIcon="true" x="624" width="30" height="30" mouseUpIcon="icons/IconUp/transparencylock.png" mouseOverIcon="icons/IconOver/transparencylock.png" mouseDownSkinIcon="icons/IconOver/transparencylock.png"/>
      <ps_script_file _itemId="ps_actionscript_scriptfile" label="$$$/Configurator/ActionScript/ScriptFile/name###353" toolTip="$$$/Configurator/ActionScript/ScriptFile/desc###354" cfgVisible="$$$/Configurator/Attribute/visible/value###355" fileUrl="$$$/Configurator/key_###356" icon="ps_script_file" overIcon="ps_script_file_r" showIcon="true" x="656" width="30" height="30" mouseUpIcon="icons/IconUp/transparencyunlock.png" mouseOverIcon="icons/IconOver/transparencyunlock.png" mouseDownSkinIcon="icons/IconOver/transparencyunlock.png"/>
      <ps_script_file _itemId="ps_actionscript_scriptfile" label="$$$/Configurator/ActionScript/ScriptFile/name###277" toolTip="$$$/Configurator/ActionScript/ScriptFile/desc###278" cfgVisible="$$$/Configurator/Attribute/visible/value###279" fileUrl="$$$/Configurator/key_###280" icon="ps_script_file" overIcon="ps_script_file_r" showIcon="true" mouseUpIcon="icons/IconUp/cmykone.png" mouseOverIcon="icons/IconOver/cmykone.png" x="64" width="30" height="30"/>
      <ps_script_file _itemId="ps_actionscript_scriptfile" label="$$$/Configurator/ActionScript/ScriptFile/name###281" toolTip="$$$/Configurator/ActionScript/ScriptFile/desc###282" cfgVisible="$$$/Configurator/Attribute/visible/value###283" fileUrl="$$$/Configurator/key_###284" icon="ps_script_file" overIcon="ps_script_file_r" showIcon="true" x="96" mouseUpIcon="icons/IconUp/cmyktwo.png" mouseOverIcon="icons/IconOver/cmyktwo.png" mouseDownSkinIcon="icons/IconOver/cmyktwo.png" width="30" height="30"/>
      <ps_script_file _itemId="ps_actionscript_scriptfile" label="$$$/Configurator/ActionScript/ScriptFile/name###289" toolTip="$$$/Configurator/ActionScript/ScriptFile/desc###290" cfgVisible="$$$/Configurator/Attribute/visible/value###291" fileUrl="$$$/Configurator/key_###292" icon="ps_script_file" overIcon="ps_script_file_r" showIcon="true" x="0" y="0" mouseUpIcon="icons/IconUp/rgbc.png" mouseOverIcon="icons/IconOver/rgbc.png" mouseDownSkinIcon="icons/IconOver/rgbc.png" width="30" height="30"/>
      <ps_script_file _itemId="ps_actionscript_scriptfile" label="$$$/Configurator/ActionScript/ScriptFile/name###285" toolTip="$$$/Configurator/ActionScript/ScriptFile/desc###286" cfgVisible="$$$/Configurator/Attribute/visible/value###287" fileUrl="$$$/Configurator/key_###288" icon="ps_script_file" overIcon="ps_script_file_r" showIcon="true" x="32" y="0" mouseUpIcon="icons/IconUp/rgbs.png" mouseOverIcon="icons/IconOver/rgbs.png" mouseDownSkinIcon="icons/IconOver/rgbs.png" width="30" height="30"/>
    </canvas>
  </ConfiguratorPanel>
  <images>
    <image id="ps_script_file" swf="bundles/PHSP-13/PHSP13Bundle.swf_" className="PHSP13Bundle" varName="ps_script_file"/>
    <image id="ps_script_file_r" swf="bundles/PHSP-13/PHSP13Bundle.swf_" className="PHSP13Bundle" varName="ps_script_file_r"/>
    <image id="ps_script_file" swf="bundles/PHSP-13/PHSP13Bundle.swf_" className="PHSP13Bundle" varName="ps_script_file"/>
    <image id="ps_script_file_r" swf="bundles/PHSP-13/PHSP13Bundle.swf_" className="PHSP13Bundle" varName="ps_script_file_r"/>
    <image id="ps_script_file" swf="bundles/PHSP-13/PHSP13Bundle.swf_" className="PHSP13Bundle" varName="ps_script_file"/>
    <image id="ps_script_file_r" swf="bundles/PHSP-13/PHSP13Bundle.swf_" className="PHSP13Bundle" varName="ps_script_file_r"/>
    <image id="ps_script_file" swf="bundles/PHSP-13/PHSP13Bundle.swf_" className="PHSP13Bundle" varName="ps_script_file"/>
    <image id="ps_script_file_r" swf="bundles/PHSP-13/PHSP13Bundle.swf_" className="PHSP13Bundle" varName="ps_script_file_r"/>
    <image id="ps_script_file" swf="bundles/PHSP-13/PHSP13Bundle.swf_" className="PHSP13Bundle" varName="ps_script_file"/>
    <image id="ps_script_file_r" swf="bundles/PHSP-13/PHSP13Bundle.swf_" className="PHSP13Bundle" varName="ps_script_file_r"/>
    <image id="ps_script_file" swf="bundles/PHSP-13/PHSP13Bundle.swf_" className="PHSP13Bundle" varName="ps_script_file"/>
    <image id="ps_script_file_r" swf="bundles/PHSP-13/PHSP13Bundle.swf_" className="PHSP13Bundle" varName="ps_script_file_r"/>
    <image id="ps_script_file" swf="bundles/PHSP-13/PHSP13Bundle.swf_" className="PHSP13Bundle" varName="ps_script_file"/>
    <image id="ps_script_file_r" swf="bundles/PHSP-13/PHSP13Bundle.swf_" className="PHSP13Bundle" varName="ps_script_file_r"/>
    <image id="ps_script_file" swf="bundles/PHSP-13/PHSP13Bundle.swf_" className="PHSP13Bundle" varName="ps_script_file"/>
    <image id="ps_script_file_r" swf="bundles/PHSP-13/PHSP13Bundle.swf_" className="PHSP13Bundle" varName="ps_script_file_r"/>
    <image id="ps_script_file" swf="bundles/PHSP-13/PHSP13Bundle.swf_" className="PHSP13Bundle" varName="ps_script_file"/>
    <image id="ps_script_file_r" swf="bundles/PHSP-13/PHSP13Bundle.swf_" className="PHSP13Bundle" varName="ps_script_file_r"/>
    <image id="ps_script_file" swf="bundles/PHSP-13/PHSP13Bundle.swf_" className="PHSP13Bundle" varName="ps_script_file"/>
    <image id="ps_script_file_r" swf="bundles/PHSP-13/PHSP13Bundle.swf_" className="PHSP13Bundle" varName="ps_script_file_r"/>
    <image id="ps_script_file" swf="bundles/PHSP-13/PHSP13Bundle.swf_" className="PHSP13Bundle" varName="ps_script_file"/>
    <image id="ps_script_file_r" swf="bundles/PHSP-13/PHSP13Bundle.swf_" className="PHSP13Bundle" varName="ps_script_file_r"/>
    <image id="ps_script_file" swf="bundles/PHSP-13/PHSP13Bundle.swf_" className="PHSP13Bundle" varName="ps_script_file"/>
    <image id="ps_script_file_r" swf="bundles/PHSP-13/PHSP13Bundle.swf_" className="PHSP13Bundle" varName="ps_script_file_r"/>
    <image id="ps_script_file" swf="bundles/PHSP-13/PHSP13Bundle.swf_" className="PHSP13Bundle" varName="ps_script_file"/>
    <image id="ps_script_file_r" swf="bundles/PHSP-13/PHSP13Bundle.swf_" className="PHSP13Bundle" varName="ps_script_file_r"/>
    <image id="ps_script_file" swf="bundles/PHSP-13/PHSP13Bundle.swf_" className="PHSP13Bundle" varName="ps_script_file"/>
    <image id="ps_script_file_r" swf="bundles/PHSP-13/PHSP13Bundle.swf_" className="PHSP13Bundle" varName="ps_script_file_r"/>
    <image id="ps_script_file" swf="bundles/PHSP-13/PHSP13Bundle.swf_" className="PHSP13Bundle" varName="ps_script_file"/>
    <image id="ps_script_file_r" swf="bundles/PHSP-13/PHSP13Bundle.swf_" className="PHSP13Bundle" varName="ps_script_file_r"/>
    <image id="ps_script_file" swf="bundles/PHSP-13/PHSP13Bundle.swf_" className="PHSP13Bundle" varName="ps_script_file"/>
    <image id="ps_script_file_r" swf="bundles/PHSP-13/PHSP13Bundle.swf_" className="PHSP13Bundle" varName="ps_script_file_r"/>
    <image id="ps_script_file" swf="bundles/PHSP-13/PHSP13Bundle.swf_" className="PHSP13Bundle" varName="ps_script_file"/>
    <image id="ps_script_file_r" swf="bundles/PHSP-13/PHSP13Bundle.swf_" className="PHSP13Bundle" varName="ps_script_file_r"/>
    <image id="ps_script_file" swf="bundles/PHSP-13/PHSP13Bundle.swf_" className="PHSP13Bundle" varName="ps_script_file"/>
    <image id="ps_script_file_r" swf="bundles/PHSP-13/PHSP13Bundle.swf_" className="PHSP13Bundle" varName="ps_script_file_r"/>
    <image id="ps_script_file" swf="bundles/PHSP-13/PHSP13Bundle.swf_" className="PHSP13Bundle" varName="ps_script_file"/>
    <image id="ps_script_file_r" swf="bundles/PHSP-13/PHSP13Bundle.swf_" className="PHSP13Bundle" varName="ps_script_file_r"/>
    <image id="ps_script_file" swf="bundles/PHSP-13/PHSP13Bundle.swf_" className="PHSP13Bundle" varName="ps_script_file"/>
    <image id="ps_script_file_r" swf="bundles/PHSP-13/PHSP13Bundle.swf_" className="PHSP13Bundle" varName="ps_script_file_r"/>
  </images>
  <scripts/>
  <elements>
    <element id="ConfiguratorPanel" classRT="com.adobe.configurator2.component.panel.PanelRuntime">
      <attr id="name" meta="UI_ACCESSOR" translate="y"/>
      <attr id="minWidth" meta="UI_ACCESSOR" translate="y"/>
      <attr id="minHeight" meta="UI_ACCESSOR" translate="y"/>
      <attr id="maxWidth" meta="UI_ACCESSOR" translate="y"/>
      <attr id="maxHeight" meta="UI_ACCESSOR" translate="y"/>
      <attr id="persistent" meta="Other" translate="y"/>
      <attr id="extensionId" meta="Other" translate="y"/>
      <attr id="extensionVersion" meta="Other" translate="y"/>
      <attr id="extensionAuthor" meta="Other" translate="y"/>
      <attr id="extensionDescription" meta="Other" translate="y"/>
      <attr id="menuName" meta="Other" translate="y"/>
      <attr id="init" meta="EVENT" translate="y"/>
      <attr id="close" meta="EVENT" translate="y"/>
      <attr id="onInit" meta="UI_ACCESSOR" translate="y"/>
      <attr id="aboutBox" meta="UI_ACCESSOR" localize="y" translate="y"/>
      <attr id="flyoutMenuAbout" meta="Other" localize="y" translate="y"/>
      <attr id="normalIcon" meta="UI_ACCESSOR" translate="y"/>
      <attr id="rollOverIcon" meta="UI_ACCESSOR" translate="y"/>
      <attr id="darkNormalIcon" meta="UI_ACCESSOR" translate="y"/>
      <attr id="width" meta="UI_ACCESSOR" translate="y"/>
      <attr id="height" meta="UI_ACCESSOR" translate="y"/>
    </element>
    <element id="canvas" classRT="mx.containers.Canvas">
      <attr id="label" meta="UI_ACCESSOR" localize="y" translate="y"/>
      <attr id="toolTip" meta="UI_ACCESSOR" localize="y" translate="y"/>
      <attr id="top" meta="UI_STYLE" translate="y"/>
      <attr id="bottom" meta="UI_STYLE" translate="y"/>
      <attr id="left" meta="UI_STYLE" translate="y"/>
      <attr id="right" meta="UI_STYLE" translate="y"/>
      <attr id="horizontalCenter" meta="UI_STYLE" translate="y"/>
      <attr id="verticalCenter" meta="UI_STYLE" translate="y"/>
      <attr id="x" meta="UI_ACCESSOR" translate="y"/>
      <attr id="y" meta="UI_ACCESSOR" translate="y"/>
      <attr id="cfgVisible" meta="UI_ACCESSOR" localize="y"/>
      <attr id="width" meta="UI_ACCESSOR" translate="y"/>
      <attr id="height" meta="UI_ACCESSOR" translate="y"/>
    </element>
    <element id="ps_script_file" classRT="com.adobe.configurator2.component.ScriptFileButtonRunTime">
      <attr id="fileUrl" meta="UI_ACCESSOR" localize="y" translate="y"/>
      <attr id="icon" meta="UI_STYLE" localize="y" translate="y"/>
      <attr id="label" meta="UI_ACCESSOR" localize="y" translate="y"/>
      <attr id="toolTip" meta="UI_ACCESSOR" localize="y" translate="y"/>
      <attr id="showIcon" meta="UI_ACCESSOR" translate="y"/>
      <attr id="mouseUpIcon" meta="UI_ACCESSOR" translate="y"/>
      <attr id="mouseOverIcon" meta="UI_ACCESSOR" translate="y"/>
      <attr id="mouseDownSkinIcon" meta="UI_ACCESSOR" translate="y"/>
      <attr id="top" meta="UI_STYLE" translate="y"/>
      <attr id="bottom" meta="UI_STYLE" translate="y"/>
      <attr id="left" meta="UI_STYLE" translate="y"/>
      <attr id="right" meta="UI_STYLE" translate="y"/>
      <attr id="horizontalCenter" meta="UI_STYLE" translate="y"/>
      <attr id="verticalCenter" meta="UI_STYLE" translate="y"/>
      <attr id="x" meta="UI_ACCESSOR" translate="y"/>
      <attr id="y" meta="UI_ACCESSOR" translate="y"/>
      <attr id="cfgVisible" meta="UI_ACCESSOR" localize="y"/>
      <attr id="width" meta="UI_ACCESSOR" translate="y"/>
      <attr id="height" meta="UI_ACCESSOR" translate="y"/>
      <attr id="top" meta="UI_STYLE" translate="y"/>
      <attr id="bottom" meta="UI_STYLE" translate="y"/>
      <attr id="left" meta="UI_STYLE" translate="y"/>
      <attr id="right" meta="UI_STYLE" translate="y"/>
      <attr id="horizontalCenter" meta="UI_STYLE" translate="y"/>
      <attr id="verticalCenter" meta="UI_STYLE" translate="y"/>
      <attr id="x" meta="UI_ACCESSOR" translate="y"/>
      <attr id="y" meta="UI_ACCESSOR" translate="y"/>
      <attr id="cfgVisible" meta="UI_ACCESSOR" localize="y"/>
      <attr id="width" meta="UI_ACCESSOR" translate="y"/>
      <attr id="height" meta="UI_ACCESSOR" translate="y"/>
    </element>
  </elements>
  <properties>
    <property id="LocaleSearchPath2">${HostProductRoot}/Locales/${LocaleID}/Support Files/Panels/${PanelName}/dictionary.xml</property>
    <property id="LocaleSearchPath1">${HostProductRoot}/Locales/${LocaleID}/Support Files/Panels/fsPanels.xml</property>
  </properties>
</gpc>