<?xml version="1.0" encoding="UTF-8"?>
<ExtensionManifest 
    Version="5.0" 
    ExtensionBundleId="com.sbaril.colorization" 
    ExtensionBundleVersion="1.0.1"
    ExtensionBundleName="Colorization" 
    xmlns:xsi="http://www.w3.org/2001/XMLSchema-instance">
    
    <!--
    Version="5.0" 
    ExtensionBundleId="com.sbaril.colorization" 
    ExtensionBundleVersion="1.0.1"
    ExtensionBundleName="Colorization" 
    xmlns:xsi="http://www.w3.org/2001/XMLSchema-instance">
    -->
    
    <Author>Stéphane Baril</Author>
    <Abstract>"Colorization" is the new version of "Colorisation" splitted in 3 subpanels. The 3 Panels can be found under the menu Windows > Extensions > "ColorizClean", "ColorizStack" and "Colorization"</Abstract>

  <ExtensionList>
    <Extension Id="com.sbaril.colorization.panel" Version="1.0" />
  </ExtensionList>

  <ExecutionEnvironment>
    <HostList>
        <!-- Uncomment Host tags according to the apps you want your panel to support -->

        <!-- Photoshop Versions:
            Photoshop CC        = 14.x  = CEP 4.x 
            Photoshop CC 2014   = 15.x  = CEP 5.x
            Photoshop CC 2015   = 16.x  = CEP 6.x
            Photoshop CC 2015.5 = 17.x  = CEP 7.x
        -->
        <Host Name="PHXS" Version="15.0" />
        <Host Name="PHSP" Version="15.0" />
        
    </HostList>

    <LocaleList>
      <Locale Code="All" />
    </LocaleList>

    <RequiredRuntimeList>
      <RequiredRuntime Name="CSXS" Version="5.0" />
    </RequiredRuntimeList>
  </ExecutionEnvironment>

  <DispatchInfoList>
    <Extension Id="com.sbaril.colorization.panel">
      <DispatchInfo >
    
        <Resources>
          <MainPath>./index.html</MainPath>
          <ScriptPath>./jsx/hostscript.jsx</ScriptPath>
        </Resources>
      
        <Lifecycle>
          <AutoVisible>true</AutoVisible>
        </Lifecycle>
      
        <UI>

          <Type>Panel</Type>
          <Menu>Colorization</Menu>

          <Geometry>
            <Size>
              <Height>45</Height>
              <Width>780</Width>
            </Size>
            <MinSize>
              <Height>40</Height>
              <Width>50</Width>
            </MinSize>
            <!--<MaxSize>
              <Height>200</Height>
              <Width>350</Width>
            </MaxSize>-->
          </Geometry>

          <Icons>
            <Icon Type="Normal">./icons/iconNormal.png</Icon>
            <Icon Type="RollOver">./icons/iconRollover.png</Icon>
            <Icon Type="Disabled">./icons/iconDisabled.png</Icon>
            <Icon Type="DarkNormal">./icons/iconDarkNormal.png</Icon>
            <Icon Type="DarkRollOver">./icons/iconDarkRollover.png</Icon>
          </Icons>  
                  
        </UI>
      </DispatchInfo>
    </Extension>
  </DispatchInfoList>
</ExtensionManifest>