<?xml version="1.0" encoding="utf-8"?>
<gpc defaultLocale="en_US" version="4" keySequence="314" currentLocale="fr_FR">
  <product appid="PHSP" version="13" name="Photoshop CS6"/>
  <target id="PHSP-13"/>
  <ConfiguratorPanel name="ColorizClean" width="540" height="55" minHeight="40" init="doInit" close="doClose" persistent="True" extensionId="com.sbaril.colorizclean" extensionVersion="1.0.0" menuName="ColorizClean" flyoutMenuAbout="$$$/Configurator/FlyoutMenu/about" minWidth="540" maxHeight="60" normalIcon="ColorizCleanNormal.png" darkNormalIcon="ColorizCleanDarkNormal.png">
    <onInit><![CDATA[]]></onInit>
    <aboutBox><![CDATA[Created by Stéphane Baril, Krystal Woods and Jonathan Ferman<br /><br />Créé par Stéphane Baril, Krystal Woods et Jonathan Ferman<br /><br />Created with Configurator<br/><p>Created By <a href='http://kimtag.com/sbaril' target='_blank'>Stéphane Baril</a> using <a href='http://labs.adobe.com/technologies/configurator/' target='_blank'>Configurator</a></p>]]></aboutBox>
    <extensionDescription><![CDATA[ColorizClean is focused on cleaning up the scanned lines of a comic book page.]]></extensionDescription>
    <extensionAuthor><![CDATA[Stéphane Baril]]></extensionAuthor>
    <onClose><![CDATA[]]></onClose>
    <eventListeners>
      <function id="doInit" actionType="jsfunction" jsFunctionName="invoke_script">
        <param id="onInit"/>
      </function>
      <function id="doClose" actionType="jsfunction" jsFunctionName="invoke_script">
        <param id="onClose"/>
      </function>
    </eventListeners>
    <canvas _itemId="container_canvas" toolTip="$$$/Configurator/Container/Canvas/desc" label="$$$/Configurator/key_###26" width="100%" height="100%" cfgVisible="$$$/Configurator/Attribute/visible/value###27" top="5" bottom="0" left="5" right="5" x="0" y="0">
      <ps_script _itemId="ps_actionscript_script" label="$$$/Configurator/ActionScript/Script/name###164" toolTip="$$$/Configurator/ActionScript/Script/desc###165" cfgVisible="$$$/Configurator/Attribute/visible/value###166" click="onClick" icon="ps_script" overIcon="ps_script_r" showIcon="true" mouseUpIcon="icons/IconUp/levels.png" mouseOverIcon="icons/IconOver/levels.png" mouseDownSkinIcon="icons/IconOver/levels.png" x="32" width="30" height="30">
        <script><![CDATA[ErrStrs = {}; ErrStrs.USER_CANCELLED=localize("$$$/ScriptingSupport/Error/UserCancelled=User cancelled the operation"); try {var idLvls = charIDToTypeID( 'Lvls' ); executeAction( idLvls, undefined, DialogModes.ALL ); } catch(e){if (e.toString().indexOf(ErrStrs.USER_CANCELLED)!=-1) {;} else{alert(localize("$$$/ScriptingSupport/Error/CommandNotAvailable=The command is currently not available"));}}]]></script>
        <eventListeners>
          <function id="onClick" actionType="jsfunction" jsFunctionName="ps_invoke_script">
            <param id="script"/>
          </function>
        </eventListeners>
      </ps_script>
      <ps_script _itemId="ps_actionscript_script" label="$$$/Configurator/ActionScript/Script/name###167" toolTip="$$$/Configurator/ActionScript/Script/desc###168" cfgVisible="$$$/Configurator/Attribute/visible/value###169" click="onClick" icon="ps_script" overIcon="ps_script_r" showIcon="true" mouseUpIcon="icons/IconUp/curves.png" mouseOverIcon="icons/IconOver/curves.png" mouseDownSkinIcon="icons/IconOver/curves.png" x="64" width="30" height="30">
        <script><![CDATA[ErrStrs = {}; ErrStrs.USER_CANCELLED=localize("$$$/ScriptingSupport/Error/UserCancelled=User cancelled the operation"); try {var idCrvs = charIDToTypeID( 'Crvs' ); executeAction( idCrvs, undefined, DialogModes.ALL ); } catch(e){if (e.toString().indexOf(ErrStrs.USER_CANCELLED)!=-1) {;} else{alert(localize("$$$/ScriptingSupport/Error/CommandNotAvailable=The command is currently not available"));}}]]></script>
        <eventListeners>
          <function id="onClick" actionType="jsfunction" jsFunctionName="ps_invoke_script">
            <param id="script"/>
          </function>
        </eventListeners>
      </ps_script>
      <ps_script _itemId="ps_actionscript_script" label="$$$/Configurator/ActionScript/Script/name###170" toolTip="$$$/Configurator/ActionScript/Script/desc###171" cfgVisible="$$$/Configurator/Attribute/visible/value###172" click="onClick" icon="ps_script" overIcon="ps_script_r" showIcon="true" mouseUpIcon="icons/IconUp/sideviews.png" mouseOverIcon="icons/IconOver/sideviews.png" mouseDownSkinIcon="icons/IconOver/sideviews.png" x="0" y="0" width="30" height="30">
        <script><![CDATA[// =======================================================// Fit on ScreenErrStrs = {}; ErrStrs.USER_CANCELLED=localize("$$$/ScriptingSupport/Error/UserCancelled=User cancelled the operation"); try {var idslct = charIDToTypeID( 'slct' );     var desc744 = new ActionDescriptor();     var idnull = charIDToTypeID( 'null' );         var ref605 = new ActionReference();         var idMn = charIDToTypeID( 'Mn  ' );         var idMnIt = charIDToTypeID( 'MnIt' );         var idFtOn = charIDToTypeID( 'FtOn' );         ref605.putEnumerated( idMn, idMnIt, idFtOn );     desc744.putReference( idnull, ref605 ); executeAction( idslct, desc744, DialogModes.ALL ); } catch(e){if (e.toString().indexOf(ErrStrs.USER_CANCELLED)!=-1) {;} else{alert(localize("$$$/ScriptingSupport/Error/CommandNotAvailable=The command is currently not available"));}}// =======================================================// New Viewvar idslct = charIDToTypeID( "slct" );    var desc5 = new ActionDescriptor();    var idnull = charIDToTypeID( "null" );        var ref1 = new ActionReference();        var idMn = charIDToTypeID( "Mn  " );        var idMnIt = charIDToTypeID( "MnIt" );        var idNwVw = charIDToTypeID( "NwVw" );        ref1.putEnumerated( idMn, idMnIt, idNwVw );    desc5.putReference( idnull, ref1 );executeAction( idslct, desc5, DialogModes.NO );// =======================================================// Arrange Side-by-sideErrStrs = {}; ErrStrs.USER_CANCELLED=localize("$$$/ScriptingSupport/Error/UserCancelled=User cancelled the operation"); try {var idslct = charIDToTypeID( "slct" ); var desc161 = new ActionDescriptor(); var idnull = charIDToTypeID( "null" ); var ref43 = new ActionReference(); var idMn = charIDToTypeID( "Mn  " ); var idMnIt = charIDToTypeID( "MnIt" ); var idTile = charIDToTypeID( "Tile" ); ref43.putEnumerated( idMn, idMnIt, idTile ); desc161.putReference( idnull, ref43 ); executeAction( idslct, desc161, DialogModes.NO );} catch(e){if (e.toString().indexOf(ErrStrs.USER_CANCELLED)!=-1) {;} else{alert(localize("$$$/ScriptingSupport/Error/CommandNotAvailable=The command is currently not available"));}}// =======================================================// Actual PixelsErrStrs = {}; ErrStrs.USER_CANCELLED=localize("$$$/ScriptingSupport/Error/UserCancelled=User cancelled the operation"); try {var idslct = charIDToTypeID( 'slct' );     var desc743 = new ActionDescriptor();     var idnull = charIDToTypeID( 'null' );         var ref604 = new ActionReference();         var idMn = charIDToTypeID( 'Mn  ' );         var idMnIt = charIDToTypeID( 'MnIt' );         var idActP = charIDToTypeID( 'ActP' );         ref604.putEnumerated( idMn, idMnIt, idActP );     desc743.putReference( idnull, ref604 ); executeAction( idslct, desc743, DialogModes.ALL ); } catch(e){if (e.toString().indexOf(ErrStrs.USER_CANCELLED)!=-1) {;} else{alert(localize("$$$/ScriptingSupport/Error/CommandNotAvailable=The command is currently not available"));}}// =======================================================// Actual PixelsErrStrs = {}; ErrStrs.USER_CANCELLED=localize("$$$/ScriptingSupport/Error/UserCancelled=User cancelled the operation"); try {var idslct = charIDToTypeID( 'slct' );     var desc743 = new ActionDescriptor();     var idnull = charIDToTypeID( 'null' );         var ref604 = new ActionReference();         var idMn = charIDToTypeID( 'Mn  ' );         var idMnIt = charIDToTypeID( 'MnIt' );         var idActP = charIDToTypeID( 'ActP' );         ref604.putEnumerated( idMn, idMnIt, idActP );     desc743.putReference( idnull, ref604 ); executeAction( idslct, desc743, DialogModes.ALL ); } catch(e){if (e.toString().indexOf(ErrStrs.USER_CANCELLED)!=-1) {;} else{alert(localize("$$$/ScriptingSupport/Error/CommandNotAvailable=The command is currently not available"));}}]]></script>
        <eventListeners>
          <function id="onClick" actionType="jsfunction" jsFunctionName="ps_invoke_script">
            <param id="script"/>
          </function>
        </eventListeners>
      </ps_script>
      <ps_script _itemId="ps_actionscript_script" label="$$$/Configurator/ActionScript/Script/name###173" toolTip="$$$/Configurator/ActionScript/Script/desc###174" cfgVisible="$$$/Configurator/Attribute/visible/value###175" click="onClick" icon="ps_script" overIcon="ps_script_r" showIcon="true" mouseUpIcon="icons/IconUp/rulertool.png" mouseOverIcon="icons/IconOver/rulertool.png" mouseDownSkinIcon="icons/IconOver/rulertool.png" x="176" width="30" height="30">
        <script><![CDATA[// =======================================================var idslct = charIDToTypeID( "slct" );    var desc116 = new ActionDescriptor();    var idnull = charIDToTypeID( "null" );        var ref11 = new ActionReference();        var idrulerTool = stringIDToTypeID( "rulerTool" );        ref11.putClass( idrulerTool );    desc116.putReference( idnull, ref11 );    var iddontRecord = stringIDToTypeID( "dontRecord" );    desc116.putBoolean( iddontRecord, true );    var idforceNotify = stringIDToTypeID( "forceNotify" );    desc116.putBoolean( idforceNotify, true );executeAction( idslct, desc116, DialogModes.NO );]]></script>
        <eventListeners>
          <function id="onClick" actionType="jsfunction" jsFunctionName="ps_invoke_script">
            <param id="script"/>
          </function>
        </eventListeners>
      </ps_script>
      <ps_script _itemId="ps_actionscript_script" label="$$$/Configurator/ActionScript/Script/name###185" toolTip="$$$/Configurator/ActionScript/Script/desc###186" cfgVisible="$$$/Configurator/Attribute/visible/value###187" click="onClick" icon="ps_script" overIcon="ps_script_r" showIcon="true" x="280" width="30" height="30" mouseUpIcon="icons/IconUp/addguides.png" mouseOverIcon="icons/IconOver/addguides.png" mouseDownSkinIcon="icons/IconOver/addguides.png">
        <script><![CDATA[// =======================================================// Flatten Imagevar idFltI = charIDToTypeID( "FltI" );executeAction( idFltI, undefined, DialogModes.NO );// =======================================================// BG to "temp" Layervar idsetd = charIDToTypeID( "setd" );    var desc8 = new ActionDescriptor();    var idnull = charIDToTypeID( "null" );        var ref6 = new ActionReference();        var idLyr = charIDToTypeID( "Lyr " );        var idBckg = charIDToTypeID( "Bckg" );        ref6.putProperty( idLyr, idBckg );    desc8.putReference( idnull, ref6 );    var idT = charIDToTypeID( "T   " );        var desc9 = new ActionDescriptor();        var idNm = charIDToTypeID( "Nm  " );        desc9.putString( idNm, """temp""" );        var idOpct = charIDToTypeID( "Opct" );        var idPrc = charIDToTypeID( "#Prc" );        desc9.putUnitDouble( idOpct, idPrc, 100.000000 );        var idMd = charIDToTypeID( "Md  " );        var idBlnM = charIDToTypeID( "BlnM" );        var idNrml = charIDToTypeID( "Nrml" );        desc9.putEnumerated( idMd, idBlnM, idNrml );    var idLyr = charIDToTypeID( "Lyr " );    desc8.putObject( idT, idLyr, desc9 );executeAction( idsetd, desc8, DialogModes.NO );// =======================================================// Substract 1cm to the Canvas in Relativevar idCnvS = charIDToTypeID( "CnvS" );    var desc7 = new ActionDescriptor();    var idRltv = charIDToTypeID( "Rltv" );    desc7.putBoolean( idRltv, true );    var idWdth = charIDToTypeID( "Wdth" );    var idRlt = charIDToTypeID( "#Rlt" );    desc7.putUnitDouble( idWdth, idRlt, -28.346457 );    var idHght = charIDToTypeID( "Hght" );    var idRlt = charIDToTypeID( "#Rlt" );    desc7.putUnitDouble( idHght, idRlt, -28.346457 );    var idHrzn = charIDToTypeID( "Hrzn" );    var idHrzL = charIDToTypeID( "HrzL" );    var idCntr = charIDToTypeID( "Cntr" );    desc7.putEnumerated( idHrzn, idHrzL, idCntr );    var idVrtc = charIDToTypeID( "Vrtc" );    var idVrtL = charIDToTypeID( "VrtL" );    var idCntr = charIDToTypeID( "Cntr" );    desc7.putEnumerated( idVrtc, idVrtL, idCntr );executeAction( idCnvS, desc7, DialogModes.NO );// =======================================================// New Guide Vert 0%var idMk = charIDToTypeID( "Mk  " );    var desc32 = new ActionDescriptor();    var idNw = charIDToTypeID( "Nw  " );        var desc33 = new ActionDescriptor();        var idPstn = charIDToTypeID( "Pstn" );        var idPrc = charIDToTypeID( "#Prc" );        desc33.putUnitDouble( idPstn, idPrc, 0.000000 );        var idOrnt = charIDToTypeID( "Ornt" );        var idOrnt = charIDToTypeID( "Ornt" );        var idVrtc = charIDToTypeID( "Vrtc" );        desc33.putEnumerated( idOrnt, idOrnt, idVrtc );    var idGd = charIDToTypeID( "Gd  " );    desc32.putObject( idNw, idGd, desc33 );executeAction( idMk, desc32, DialogModes.NO );// =======================================================// New Guide Vert 100%var idMk = charIDToTypeID( "Mk  " );    var desc34 = new ActionDescriptor();    var idNw = charIDToTypeID( "Nw  " );        var desc35 = new ActionDescriptor();        var idPstn = charIDToTypeID( "Pstn" );        var idPrc = charIDToTypeID( "#Prc" );        desc35.putUnitDouble( idPstn, idPrc, 100.000000 );        var idOrnt = charIDToTypeID( "Ornt" );        var idOrnt = charIDToTypeID( "Ornt" );        var idVrtc = charIDToTypeID( "Vrtc" );        desc35.putEnumerated( idOrnt, idOrnt, idVrtc );    var idGd = charIDToTypeID( "Gd  " );    desc34.putObject( idNw, idGd, desc35 );executeAction( idMk, desc34, DialogModes.NO );// =======================================================// New Guide Hor 0%var idMk = charIDToTypeID( "Mk  " );    var desc36 = new ActionDescriptor();    var idNw = charIDToTypeID( "Nw  " );        var desc37 = new ActionDescriptor();        var idPstn = charIDToTypeID( "Pstn" );        var idPrc = charIDToTypeID( "#Prc" );        desc37.putUnitDouble( idPstn, idPrc, 0.000000 );        var idOrnt = charIDToTypeID( "Ornt" );        var idOrnt = charIDToTypeID( "Ornt" );        var idHrzn = charIDToTypeID( "Hrzn" );        desc37.putEnumerated( idOrnt, idOrnt, idHrzn );    var idGd = charIDToTypeID( "Gd  " );    desc36.putObject( idNw, idGd, desc37 );executeAction( idMk, desc36, DialogModes.NO );// =======================================================// New Guide Hor 100%var idMk = charIDToTypeID( "Mk  " );    var desc38 = new ActionDescriptor();    var idNw = charIDToTypeID( "Nw  " );        var desc39 = new ActionDescriptor();        var idPstn = charIDToTypeID( "Pstn" );        var idPrc = charIDToTypeID( "#Prc" );        desc39.putUnitDouble( idPstn, idPrc, 100.000000 );        var idOrnt = charIDToTypeID( "Ornt" );        var idOrnt = charIDToTypeID( "Ornt" );        var idHrzn = charIDToTypeID( "Hrzn" );        desc39.putEnumerated( idOrnt, idOrnt, idHrzn );    var idGd = charIDToTypeID( "Gd  " );    desc38.putObject( idNw, idGd, desc39 );executeAction( idMk, desc38, DialogModes.NO );// =======================================================// Add 1cm to the Canvas in Relativevar idCnvS = charIDToTypeID( "CnvS" );    var desc40 = new ActionDescriptor();    var idRltv = charIDToTypeID( "Rltv" );    desc40.putBoolean( idRltv, true );    var idWdth = charIDToTypeID( "Wdth" );    var idRlt = charIDToTypeID( "#Rlt" );    desc40.putUnitDouble( idWdth, idRlt, 28.346457 );    var idHght = charIDToTypeID( "Hght" );    var idRlt = charIDToTypeID( "#Rlt" );    desc40.putUnitDouble( idHght, idRlt, 28.346457 );    var idHrzn = charIDToTypeID( "Hrzn" );    var idHrzL = charIDToTypeID( "HrzL" );    var idCntr = charIDToTypeID( "Cntr" );    desc40.putEnumerated( idHrzn, idHrzL, idCntr );    var idVrtc = charIDToTypeID( "Vrtc" );    var idVrtL = charIDToTypeID( "VrtL" );    var idCntr = charIDToTypeID( "Cntr" );    desc40.putEnumerated( idVrtc, idVrtL, idCntr );    var idcanvasExtensionColorType = stringIDToTypeID( "canvasExtensionColorType" );    var idcanvasExtensionColorType = stringIDToTypeID( "canvasExtensionColorType" );    var idBckC = charIDToTypeID( "BckC" );    desc40.putEnumerated( idcanvasExtensionColorType, idcanvasExtensionColorType, idBckC );executeAction( idCnvS, desc40, DialogModes.NO );// =======================================================// Flatten Imagevar idFltI = charIDToTypeID( "FltI" );executeAction( idFltI, undefined, DialogModes.NO );]]></script>
        <eventListeners>
          <function id="onClick" actionType="jsfunction" jsFunctionName="ps_invoke_script">
            <param id="script"/>
          </function>
        </eventListeners>
      </ps_script>
      <ps_script _itemId="ps_actionscript_script" label="$$$/Configurator/ActionScript/Script/name###191" toolTip="$$$/Configurator/ActionScript/Script/desc###192" cfgVisible="$$$/Configurator/Attribute/visible/value###193" click="onClick" icon="ps_script" overIcon="ps_script_r" showIcon="true" x="352" width="30" height="30" mouseUpIcon="icons/IconUp/addbleed.png" mouseOverIcon="icons/IconOver/addbleed.png" mouseDownSkinIcon="icons/IconOver/addbleed.png">
        <script><![CDATA[// =======================================================// Flatten Imagevar idFltI = charIDToTypeID( "FltI" );executeAction( idFltI, undefined, DialogModes.NO );// =======================================================// New Guide Vert 0%var idMk = charIDToTypeID( "Mk  " );    var desc32 = new ActionDescriptor();    var idNw = charIDToTypeID( "Nw  " );        var desc33 = new ActionDescriptor();        var idPstn = charIDToTypeID( "Pstn" );        var idPrc = charIDToTypeID( "#Prc" );        desc33.putUnitDouble( idPstn, idPrc, 0.000000 );        var idOrnt = charIDToTypeID( "Ornt" );        var idOrnt = charIDToTypeID( "Ornt" );        var idVrtc = charIDToTypeID( "Vrtc" );        desc33.putEnumerated( idOrnt, idOrnt, idVrtc );    var idGd = charIDToTypeID( "Gd  " );    desc32.putObject( idNw, idGd, desc33 );executeAction( idMk, desc32, DialogModes.NO );// =======================================================// New Guide Vert 100%var idMk = charIDToTypeID( "Mk  " );    var desc34 = new ActionDescriptor();    var idNw = charIDToTypeID( "Nw  " );        var desc35 = new ActionDescriptor();        var idPstn = charIDToTypeID( "Pstn" );        var idPrc = charIDToTypeID( "#Prc" );        desc35.putUnitDouble( idPstn, idPrc, 100.000000 );        var idOrnt = charIDToTypeID( "Ornt" );        var idOrnt = charIDToTypeID( "Ornt" );        var idVrtc = charIDToTypeID( "Vrtc" );        desc35.putEnumerated( idOrnt, idOrnt, idVrtc );    var idGd = charIDToTypeID( "Gd  " );    desc34.putObject( idNw, idGd, desc35 );executeAction( idMk, desc34, DialogModes.NO );// =======================================================// New Guide Hor 0%var idMk = charIDToTypeID( "Mk  " );    var desc36 = new ActionDescriptor();    var idNw = charIDToTypeID( "Nw  " );        var desc37 = new ActionDescriptor();        var idPstn = charIDToTypeID( "Pstn" );        var idPrc = charIDToTypeID( "#Prc" );        desc37.putUnitDouble( idPstn, idPrc, 0.000000 );        var idOrnt = charIDToTypeID( "Ornt" );        var idOrnt = charIDToTypeID( "Ornt" );        var idHrzn = charIDToTypeID( "Hrzn" );        desc37.putEnumerated( idOrnt, idOrnt, idHrzn );    var idGd = charIDToTypeID( "Gd  " );    desc36.putObject( idNw, idGd, desc37 );executeAction( idMk, desc36, DialogModes.NO );// =======================================================// New Guide Hor 100%var idMk = charIDToTypeID( "Mk  " );    var desc38 = new ActionDescriptor();    var idNw = charIDToTypeID( "Nw  " );        var desc39 = new ActionDescriptor();        var idPstn = charIDToTypeID( "Pstn" );        var idPrc = charIDToTypeID( "#Prc" );        desc39.putUnitDouble( idPstn, idPrc, 100.000000 );        var idOrnt = charIDToTypeID( "Ornt" );        var idOrnt = charIDToTypeID( "Ornt" );        var idHrzn = charIDToTypeID( "Hrzn" );        desc39.putEnumerated( idOrnt, idOrnt, idHrzn );    var idGd = charIDToTypeID( "Gd  " );    desc38.putObject( idNw, idGd, desc39 );executeAction( idMk, desc38, DialogModes.NO );// =======================================================// Add 1cm to the Canvas in Relativevar idCnvS = charIDToTypeID( "CnvS" );    var desc40 = new ActionDescriptor();    var idRltv = charIDToTypeID( "Rltv" );    desc40.putBoolean( idRltv, true );    var idWdth = charIDToTypeID( "Wdth" );    var idRlt = charIDToTypeID( "#Rlt" );    desc40.putUnitDouble( idWdth, idRlt, 28.346457 );    var idHght = charIDToTypeID( "Hght" );    var idRlt = charIDToTypeID( "#Rlt" );    desc40.putUnitDouble( idHght, idRlt, 28.346457 );    var idHrzn = charIDToTypeID( "Hrzn" );    var idHrzL = charIDToTypeID( "HrzL" );    var idCntr = charIDToTypeID( "Cntr" );    desc40.putEnumerated( idHrzn, idHrzL, idCntr );    var idVrtc = charIDToTypeID( "Vrtc" );    var idVrtL = charIDToTypeID( "VrtL" );    var idCntr = charIDToTypeID( "Cntr" );    desc40.putEnumerated( idVrtc, idVrtL, idCntr );    var idcanvasExtensionColorType = stringIDToTypeID( "canvasExtensionColorType" );    var idcanvasExtensionColorType = stringIDToTypeID( "canvasExtensionColorType" );    var idBckC = charIDToTypeID( "BckC" );    desc40.putEnumerated( idcanvasExtensionColorType, idcanvasExtensionColorType, idBckC );executeAction( idCnvS, desc40, DialogModes.NO );]]></script>
        <eventListeners>
          <function id="onClick" actionType="jsfunction" jsFunctionName="ps_invoke_script">
            <param id="script"/>
          </function>
        </eventListeners>
      </ps_script>
      <ps_script _itemId="ps_actionscript_script" label="$$$/Configurator/ActionScript/Script/name###197" toolTip="$$$/Configurator/ActionScript/Script/desc###198" cfgVisible="$$$/Configurator/Attribute/visible/value###199" click="onClick" icon="ps_script" overIcon="ps_script_r" showIcon="true" x="488" width="30" height="30" mouseUpIcon="icons/IconUp/save.png" mouseOverIcon="icons/IconOver/save.png" mouseDownSkinIcon="icons/IconOver/save.png">
        <script><![CDATA[ErrStrs = {}; ErrStrs.USER_CANCELLED=localize("$$$/ScriptingSupport/Error/UserCancelled=User cancelled the operation"); try {var idsave = charIDToTypeID( 'save' );     var desc1096 = new ActionDescriptor();     var idCpy = charIDToTypeID( 'Cpy ' );     desc1096.putBoolean( idCpy, true ); executeAction( idsave, desc1096, DialogModes.ALL ); } catch(e){if (e.toString().indexOf(ErrStrs.USER_CANCELLED)!=-1) {;} else{alert(localize("$$$/ScriptingSupport/Error/CommandNotAvailable=The command is currently not available"));}}]]></script>
        <eventListeners>
          <function id="onClick" actionType="jsfunction" jsFunctionName="ps_invoke_script">
            <param id="script"/>
          </function>
        </eventListeners>
      </ps_script>
      <ps_script _itemId="ps_actionscript_script" label="$$$/Configurator/ActionScript/Script/name###203" toolTip="$$$/Configurator/ActionScript/Script/desc###204" cfgVisible="$$$/Configurator/Attribute/visible/value###205" click="onClick" icon="ps_script" overIcon="ps_script_r" showIcon="true" x="448" width="30" height="30" mouseUpIcon="icons/IconUp/stamptool.png" mouseOverIcon="icons/IconOver/stamptool.png" mouseDownSkinIcon="icons/IconOver/stamptool.png">
        <script><![CDATA[// =======================================================var idslct = charIDToTypeID( "slct" );    var desc54 = new ActionDescriptor();    var idnull = charIDToTypeID( "null" );        var ref53 = new ActionReference();        var idClTl = charIDToTypeID( "ClTl" );        ref53.putClass( idClTl );    desc54.putReference( idnull, ref53 );executeAction( idslct, desc54, DialogModes.NO );]]></script>
        <eventListeners>
          <function id="onClick" actionType="jsfunction" jsFunctionName="ps_invoke_script">
            <param id="script"/>
          </function>
        </eventListeners>
      </ps_script>
      <ps_script _itemId="ps_actionscript_script" label="$$$/Configurator/ActionScript/Script/name###206" toolTip="$$$/Configurator/ActionScript/Script/desc###207" cfgVisible="$$$/Configurator/Attribute/visible/value###208" click="onClick" icon="ps_script" overIcon="ps_script_r" showIcon="true" x="208" width="30" height="30" mouseUpIcon="icons/IconUp/rotationarbitrary.png" mouseOverIcon="icons/IconOver/rotationarbitrary.png" mouseDownSkinIcon="icons/IconOver/rotationarbitrary.png">
        <script><![CDATA[ErrStrs = {}; ErrStrs.USER_CANCELLED=localize("$$$/ScriptingSupport/Error/UserCancelled=User cancelled the operation"); try {var idRtte = charIDToTypeID( 'Rtte' );     var desc854 = new ActionDescriptor();     var idnull = charIDToTypeID( 'null' );         var ref694 = new ActionReference();         var idDcmn = charIDToTypeID( 'Dcmn' );         var idOrdn = charIDToTypeID( 'Ordn' );         var idFrst = charIDToTypeID( 'Frst' );         ref694.putEnumerated( idDcmn, idOrdn, idFrst );     desc854.putReference( idnull, ref694 ); executeAction( idRtte, desc854, DialogModes.ALL ); } catch(e){if (e.toString().indexOf(ErrStrs.USER_CANCELLED)!=-1) {;} else{alert(localize("$$$/ScriptingSupport/Error/CommandNotAvailable=The command is currently not available"));}}]]></script>
        <eventListeners>
          <function id="onClick" actionType="jsfunction" jsFunctionName="ps_invoke_script">
            <param id="script"/>
          </function>
        </eventListeners>
      </ps_script>
      <ps_script_file _itemId="ps_actionscript_scriptfile" label="$$$/Configurator/ActionScript/ScriptFile/name###223" toolTip="$$$/Configurator/ActionScript/ScriptFile/desc###224" cfgVisible="$$$/Configurator/Attribute/visible/value###225" fileUrl="$$$/Configurator/key_###226" icon="ps_script_file" overIcon="ps_script_file_r" showIcon="true" x="104" y="0" width="30" height="30" mouseUpIcon="icons/IconUp/dodgepreset.png" mouseOverIcon="icons/IconOver/dodgepreset.png" mouseDownSkinIcon="icons/IconOver/dodgepreset.png"/>
      <ps_script_file _itemId="ps_actionscript_scriptfile" label="$$$/Configurator/ActionScript/ScriptFile/name###227" toolTip="$$$/Configurator/ActionScript/ScriptFile/desc###228" cfgVisible="$$$/Configurator/Attribute/visible/value###229" fileUrl="$$$/Configurator/key_###230" icon="ps_script_file" overIcon="ps_script_file_r" showIcon="true" x="136" y="0" width="30" height="30" mouseUpIcon="icons/IconUp/burnpreset.png" mouseOverIcon="icons/IconOver/burnpreset.png" mouseDownSkinIcon="icons/IconOver/burnpreset.png"/>
      <ps_script_file _itemId="ps_actionscript_scriptfile" label="$$$/Configurator/ActionScript/ScriptFile/name###251" toolTip="$$$/Configurator/ActionScript/ScriptFile/desc###252" cfgVisible="$$$/Configurator/Attribute/visible/value###253" fileUrl="$$$/Configurator/key_###254" icon="ps_script_file" overIcon="ps_script_file_r" showIcon="true" x="248" y="0" width="30" height="30" mouseUpIcon="icons/IconUp/cropbleedincluded.png" mouseOverIcon="icons/IconOver/cropbleedincluded.png" mouseDownSkinIcon="icons/IconOver/cropbleedincluded.png"/>
      <ps_script_file _itemId="ps_actionscript_scriptfile" label="$$$/Configurator/ActionScript/ScriptFile/name###303" toolTip="$$$/Configurator/ActionScript/ScriptFile/desc###304" cfgVisible="$$$/Configurator/Attribute/visible/value###305" fileUrl="$$$/Configurator/key_###306" icon="ps_script_file" overIcon="ps_script_file_r" showIcon="true" x="320" y="0" width="30" height="30" mouseUpIcon="icons/IconUp/cropbleedexcluded.png" mouseOverIcon="icons/IconOver/cropbleedexcluded.png" mouseDownSkinIcon="icons/IconOver/cropbleedexcluded.png"/>
      <ps_script_file _itemId="ps_actionscript_scriptfile" label="$$$/Configurator/ActionScript/ScriptFile/name###345" toolTip="$$$/Configurator/ActionScript/ScriptFile/desc###346" cfgVisible="$$$/Configurator/Attribute/visible/value###347" fileUrl="$$$/Configurator/key_###348" icon="ps_script_file" overIcon="ps_script_file_r" showIcon="true" x="384" width="30" height="30" mouseUpIcon="icons/IconUp/lassotool.png" mouseOverIcon="icons/IconOver/lassotool.png" mouseDownSkinIcon="icons/IconOver/lassotool.png"/>
      <ps_script_file _itemId="ps_actionscript_scriptfile" label="$$$/Configurator/ActionScript/ScriptFile/name###287" toolTip="$$$/Configurator/ActionScript/ScriptFile/desc###288" cfgVisible="$$$/Configurator/Attribute/visible/value###289" fileUrl="$$$/Configurator/key_###290" icon="ps_script_file" overIcon="ps_script_file_r" showIcon="true" x="416" y="0" width="30" height="30" mouseUpIcon="icons/IconUp/duplicatetransfom.png" mouseOverIcon="icons/IconOver/duplicatetransfom.png" mouseDownSkinIcon="icons/IconOver/duplicatetransfom.png"/>
    </canvas>
  </ConfiguratorPanel>
  <images>
    <image id="ps_script" swf="bundles/PHSP-13/PHSP13Bundle.swf_" className="PHSP13Bundle" varName="ps_script"/>
    <image id="ps_script_r" swf="bundles/PHSP-13/PHSP13Bundle.swf_" className="PHSP13Bundle" varName="ps_script_r"/>
    <image id="ps_script" swf="bundles/PHSP-13/PHSP13Bundle.swf_" className="PHSP13Bundle" varName="ps_script"/>
    <image id="ps_script_r" swf="bundles/PHSP-13/PHSP13Bundle.swf_" className="PHSP13Bundle" varName="ps_script_r"/>
    <image id="ps_script" swf="bundles/PHSP-13/PHSP13Bundle.swf_" className="PHSP13Bundle" varName="ps_script"/>
    <image id="ps_script_r" swf="bundles/PHSP-13/PHSP13Bundle.swf_" className="PHSP13Bundle" varName="ps_script_r"/>
    <image id="ps_script" swf="bundles/PHSP-13/PHSP13Bundle.swf_" className="PHSP13Bundle" varName="ps_script"/>
    <image id="ps_script_r" swf="bundles/PHSP-13/PHSP13Bundle.swf_" className="PHSP13Bundle" varName="ps_script_r"/>
    <image id="ps_script" swf="bundles/PHSP-13/PHSP13Bundle.swf_" className="PHSP13Bundle" varName="ps_script"/>
    <image id="ps_script_r" swf="bundles/PHSP-13/PHSP13Bundle.swf_" className="PHSP13Bundle" varName="ps_script_r"/>
    <image id="ps_script" swf="bundles/PHSP-13/PHSP13Bundle.swf_" className="PHSP13Bundle" varName="ps_script"/>
    <image id="ps_script_r" swf="bundles/PHSP-13/PHSP13Bundle.swf_" className="PHSP13Bundle" varName="ps_script_r"/>
    <image id="ps_script" swf="bundles/PHSP-13/PHSP13Bundle.swf_" className="PHSP13Bundle" varName="ps_script"/>
    <image id="ps_script_r" swf="bundles/PHSP-13/PHSP13Bundle.swf_" className="PHSP13Bundle" varName="ps_script_r"/>
    <image id="ps_script" swf="bundles/PHSP-13/PHSP13Bundle.swf_" className="PHSP13Bundle" varName="ps_script"/>
    <image id="ps_script_r" swf="bundles/PHSP-13/PHSP13Bundle.swf_" className="PHSP13Bundle" varName="ps_script_r"/>
    <image id="ps_script" swf="bundles/PHSP-13/PHSP13Bundle.swf_" className="PHSP13Bundle" varName="ps_script"/>
    <image id="ps_script_r" swf="bundles/PHSP-13/PHSP13Bundle.swf_" className="PHSP13Bundle" varName="ps_script_r"/>
    <image id="ps_script_file" swf="bundles/PHSP-13/PHSP13Bundle.swf_" className="PHSP13Bundle" varName="ps_script_file"/>
    <image id="ps_script_file_r" swf="bundles/PHSP-13/PHSP13Bundle.swf_" className="PHSP13Bundle" varName="ps_script_file_r"/>
    <image id="ps_script_file" swf="bundles/PHSP-13/PHSP13Bundle.swf_" className="PHSP13Bundle" varName="ps_script_file"/>
    <image id="ps_script_file_r" swf="bundles/PHSP-13/PHSP13Bundle.swf_" className="PHSP13Bundle" varName="ps_script_file_r"/>
    <image id="ps_script_file" swf="bundles/PHSP-13/PHSP13Bundle.swf_" className="PHSP13Bundle" varName="ps_script_file"/>
    <image id="ps_script_file_r" swf="bundles/PHSP-13/PHSP13Bundle.swf_" className="PHSP13Bundle" varName="ps_script_file_r"/>
    <image id="ps_script_file" swf="bundles/PHSP-13/PHSP13Bundle.swf_" className="PHSP13Bundle" varName="ps_script_file"/>
    <image id="ps_script_file_r" swf="bundles/PHSP-13/PHSP13Bundle.swf_" className="PHSP13Bundle" varName="ps_script_file_r"/>
    <image id="ps_script_file" swf="bundles/PHSP-13/PHSP13Bundle.swf_" className="PHSP13Bundle" varName="ps_script_file"/>
    <image id="ps_script_file_r" swf="bundles/PHSP-13/PHSP13Bundle.swf_" className="PHSP13Bundle" varName="ps_script_file_r"/>
    <image id="ps_script_file" swf="bundles/PHSP-13/PHSP13Bundle.swf_" className="PHSP13Bundle" varName="ps_script_file"/>
    <image id="ps_script_file_r" swf="bundles/PHSP-13/PHSP13Bundle.swf_" className="PHSP13Bundle" varName="ps_script_file_r"/>
  </images>
  <scripts/>
  <elements>
    <element id="ConfiguratorPanel" classRT="com.adobe.configurator2.component.panel.PanelRuntime">
      <attr id="name" meta="UI_ACCESSOR" translate="y"/>
      <attr id="minWidth" meta="UI_ACCESSOR" translate="y"/>
      <attr id="minHeight" meta="UI_ACCESSOR" translate="y"/>
      <attr id="maxWidth" meta="UI_ACCESSOR" translate="y"/>
      <attr id="maxHeight" meta="UI_ACCESSOR" translate="y"/>
      <attr id="persistent" meta="Other" translate="y"/>
      <attr id="extensionId" meta="Other" translate="y"/>
      <attr id="extensionVersion" meta="Other" translate="y"/>
      <attr id="extensionAuthor" meta="Other" translate="y"/>
      <attr id="extensionDescription" meta="Other" translate="y"/>
      <attr id="menuName" meta="Other" translate="y"/>
      <attr id="init" meta="EVENT" translate="y"/>
      <attr id="close" meta="EVENT" translate="y"/>
      <attr id="onInit" meta="UI_ACCESSOR" translate="y"/>
      <attr id="aboutBox" meta="UI_ACCESSOR" localize="y" translate="y"/>
      <attr id="flyoutMenuAbout" meta="Other" localize="y" translate="y"/>
      <attr id="normalIcon" meta="UI_ACCESSOR" translate="y"/>
      <attr id="rollOverIcon" meta="UI_ACCESSOR" translate="y"/>
      <attr id="darkNormalIcon" meta="UI_ACCESSOR" translate="y"/>
      <attr id="width" meta="UI_ACCESSOR" translate="y"/>
      <attr id="height" meta="UI_ACCESSOR" translate="y"/>
    </element>
    <element id="canvas" classRT="mx.containers.Canvas">
      <attr id="label" meta="UI_ACCESSOR" localize="y" translate="y"/>
      <attr id="toolTip" meta="UI_ACCESSOR" localize="y" translate="y"/>
      <attr id="top" meta="UI_STYLE" translate="y"/>
      <attr id="bottom" meta="UI_STYLE" translate="y"/>
      <attr id="left" meta="UI_STYLE" translate="y"/>
      <attr id="right" meta="UI_STYLE" translate="y"/>
      <attr id="horizontalCenter" meta="UI_STYLE" translate="y"/>
      <attr id="verticalCenter" meta="UI_STYLE" translate="y"/>
      <attr id="x" meta="UI_ACCESSOR" translate="y"/>
      <attr id="y" meta="UI_ACCESSOR" translate="y"/>
      <attr id="cfgVisible" meta="UI_ACCESSOR" localize="y"/>
      <attr id="width" meta="UI_ACCESSOR" translate="y"/>
      <attr id="height" meta="UI_ACCESSOR" translate="y"/>
    </element>
    <element id="ps_script" classRT="com.adobe.configurator2.component.CustomButtonRuntime">
      <attr id="script" meta="OTHER" localize="y" translate="y"/>
      <attr id="icon" meta="UI_STYLE" translate="y"/>
      <attr id="label" meta="UI_ACCESSOR" localize="y" translate="y"/>
      <attr id="toolTip" meta="UI_ACCESSOR" localize="y" translate="y"/>
      <attr id="click" meta="EVENT" translate="y"/>
      <attr id="showIcon" meta="UI_ACCESSOR" translate="y"/>
      <attr id="mouseUpIcon" meta="UI_ACCESSOR" translate="y"/>
      <attr id="mouseOverIcon" meta="UI_ACCESSOR" translate="y"/>
      <attr id="mouseDownSkinIcon" meta="UI_ACCESSOR" translate="y"/>
      <attr id="top" meta="UI_STYLE" translate="y"/>
      <attr id="bottom" meta="UI_STYLE" translate="y"/>
      <attr id="left" meta="UI_STYLE" translate="y"/>
      <attr id="right" meta="UI_STYLE" translate="y"/>
      <attr id="horizontalCenter" meta="UI_STYLE" translate="y"/>
      <attr id="verticalCenter" meta="UI_STYLE" translate="y"/>
      <attr id="x" meta="UI_ACCESSOR" translate="y"/>
      <attr id="y" meta="UI_ACCESSOR" translate="y"/>
      <attr id="cfgVisible" meta="UI_ACCESSOR" localize="y"/>
      <attr id="width" meta="UI_ACCESSOR" translate="y"/>
      <attr id="height" meta="UI_ACCESSOR" translate="y"/>
      <attr id="top" meta="UI_STYLE" translate="y"/>
      <attr id="bottom" meta="UI_STYLE" translate="y"/>
      <attr id="left" meta="UI_STYLE" translate="y"/>
      <attr id="right" meta="UI_STYLE" translate="y"/>
      <attr id="horizontalCenter" meta="UI_STYLE" translate="y"/>
      <attr id="verticalCenter" meta="UI_STYLE" translate="y"/>
      <attr id="x" meta="UI_ACCESSOR" translate="y"/>
      <attr id="y" meta="UI_ACCESSOR" translate="y"/>
      <attr id="cfgVisible" meta="UI_ACCESSOR" localize="y"/>
      <attr id="width" meta="UI_ACCESSOR" translate="y"/>
      <attr id="height" meta="UI_ACCESSOR" translate="y"/>
    </element>
    <element id="ps_script_file" classRT="com.adobe.configurator2.component.ScriptFileButtonRunTime">
      <attr id="fileUrl" meta="UI_ACCESSOR" localize="y" translate="y"/>
      <attr id="icon" meta="UI_STYLE" localize="y" translate="y"/>
      <attr id="label" meta="UI_ACCESSOR" localize="y" translate="y"/>
      <attr id="toolTip" meta="UI_ACCESSOR" localize="y" translate="y"/>
      <attr id="showIcon" meta="UI_ACCESSOR" translate="y"/>
      <attr id="mouseUpIcon" meta="UI_ACCESSOR" translate="y"/>
      <attr id="mouseOverIcon" meta="UI_ACCESSOR" translate="y"/>
      <attr id="mouseDownSkinIcon" meta="UI_ACCESSOR" translate="y"/>
      <attr id="top" meta="UI_STYLE" translate="y"/>
      <attr id="bottom" meta="UI_STYLE" translate="y"/>
      <attr id="left" meta="UI_STYLE" translate="y"/>
      <attr id="right" meta="UI_STYLE" translate="y"/>
      <attr id="horizontalCenter" meta="UI_STYLE" translate="y"/>
      <attr id="verticalCenter" meta="UI_STYLE" translate="y"/>
      <attr id="x" meta="UI_ACCESSOR" translate="y"/>
      <attr id="y" meta="UI_ACCESSOR" translate="y"/>
      <attr id="cfgVisible" meta="UI_ACCESSOR" localize="y"/>
      <attr id="width" meta="UI_ACCESSOR" translate="y"/>
      <attr id="height" meta="UI_ACCESSOR" translate="y"/>
      <attr id="top" meta="UI_STYLE" translate="y"/>
      <attr id="bottom" meta="UI_STYLE" translate="y"/>
      <attr id="left" meta="UI_STYLE" translate="y"/>
      <attr id="right" meta="UI_STYLE" translate="y"/>
      <attr id="horizontalCenter" meta="UI_STYLE" translate="y"/>
      <attr id="verticalCenter" meta="UI_STYLE" translate="y"/>
      <attr id="x" meta="UI_ACCESSOR" translate="y"/>
      <attr id="y" meta="UI_ACCESSOR" translate="y"/>
      <attr id="cfgVisible" meta="UI_ACCESSOR" localize="y"/>
      <attr id="width" meta="UI_ACCESSOR" translate="y"/>
      <attr id="height" meta="UI_ACCESSOR" translate="y"/>
    </element>
  </elements>
  <properties>
    <property id="LocaleSearchPath2">${HostProductRoot}/Locales/${LocaleID}/Support Files/Panels/${PanelName}/dictionary.xml</property>
    <property id="LocaleSearchPath1">${HostProductRoot}/Locales/${LocaleID}/Support Files/Panels/fsPanels.xml</property>
  </properties>
</gpc>