<?xml version="1.0" encoding="utf-8"?>
<gpc defaultLocale="en_US" version="4" keySequence="374" currentLocale="fr_FR">
  <product appid="PHSP" version="13" name="Photoshop CS6"/>
  <target id="PHSP-13"/>
  <ConfiguratorPanel name="Colorization" width="610" height="55" minHeight="40" init="doInit" close="doClose" persistent="True" extensionId="com.sbaril.colorization" extensionVersion="1.0.0" menuName="Colorization" flyoutMenuAbout="$$$/Configurator/FlyoutMenu/about" minWidth="540" maxHeight="60" normalIcon="ColorizationNormal.png" darkNormalIcon="ColorizationDarkNormal.png">
    <onInit><![CDATA[]]></onInit>
    <aboutBox><![CDATA[Created by Stéphane Baril, Krystal Woods and Jonathan Ferman<br /><br />Créé par Stéphane Baril, Krystal Woods et Jonathan Ferman<br /><br />Created with Configurator<br/><p>Created By <a href='http://kimtag.com/sbaril' target='_blank'>Stéphane Baril</a> using <a href='http://labs.adobe.com/technologies/configurator/' target='_blank'>Configurator</a></p>]]></aboutBox>
    <extensionDescription><![CDATA[Colorization is focused on grouping useful tools for the color work.]]></extensionDescription>
    <extensionAuthor><![CDATA[Stéphane Baril]]></extensionAuthor>
    <onClose><![CDATA[]]></onClose>
    <eventListeners>
      <function id="doInit" actionType="jsfunction" jsFunctionName="invoke_script">
        <param id="onInit"/>
      </function>
      <function id="doClose" actionType="jsfunction" jsFunctionName="invoke_script">
        <param id="onClose"/>
      </function>
    </eventListeners>
    <canvas _itemId="container_canvas" toolTip="$$$/Configurator/Container/Canvas/desc" label="$$$/Configurator/key_###26" width="100%" height="100%" cfgVisible="$$$/Configurator/Attribute/visible/value###27" top="5" bottom="0" left="5" right="5" x="0" y="0">
      <ps_script_file _itemId="ps_actionscript_scriptfile" label="$$$/Configurator/ActionScript/ScriptFile/name###311" toolTip="$$$/Configurator/ActionScript/ScriptFile/desc###312" cfgVisible="$$$/Configurator/Attribute/visible/value###313" fileUrl="$$$/Configurator/key_###314" icon="ps_script_file" overIcon="ps_script_file_r" showIcon="true" width="30" height="30" mouseUpIcon="icons/IconUp/splitproof.png" mouseOverIcon="icons/IconOver/splitproof.png" mouseDownSkinIcon="icons/IconOver/splitproof.png"/>
      <ps_script_file _itemId="ps_actionscript_scriptfile" label="$$$/Configurator/ActionScript/ScriptFile/name###293" toolTip="$$$/Configurator/ActionScript/ScriptFile/desc###294" cfgVisible="$$$/Configurator/Attribute/visible/value###295" fileUrl="$$$/Configurator/key_###296" icon="ps_script_file" overIcon="ps_script_file_r" showIcon="true" mouseUpIcon="icons/IconUp/layerbg.png" mouseOverIcon="icons/IconOver/layerbg.png" mouseDownSkinIcon="icons/IconOver/layerbg.png" x="40" width="30" height="30" y="0"/>
      <ps_script_file _itemId="ps_actionscript_scriptfile" label="$$$/Configurator/ActionScript/ScriptFile/name###297" toolTip="$$$/Configurator/ActionScript/ScriptFile/desc###298" cfgVisible="$$$/Configurator/Attribute/visible/value###299" fileUrl="$$$/Configurator/key_###300" icon="ps_script_file" overIcon="ps_script_file_r" showIcon="true" x="72" width="30" height="30" mouseUpIcon="icons/IconUp/layerfg.png" mouseOverIcon="icons/IconOver/layerfg.png" mouseDownSkinIcon="icons/IconOver/layerfg.png" y="0"/>
      <ps_script_file _itemId="ps_actionscript_scriptfile" label="$$$/Configurator/ActionScript/ScriptFile/name###315" toolTip="$$$/Configurator/ActionScript/ScriptFile/desc###316" cfgVisible="$$$/Configurator/Attribute/visible/value###317" fileUrl="$$$/Configurator/key_###318" icon="ps_script_file" overIcon="ps_script_file_r" showIcon="true" width="30" height="30" mouseUpIcon="icons/IconUp/layerfx.png" mouseOverIcon="icons/IconOver/layerfx.png" mouseDownSkinIcon="icons/IconOver/layerfx.png" x="104" y="0"/>
      <ps_script_file _itemId="ps_actionscript_scriptfile" label="$$$/Configurator/ActionScript/ScriptFile/name###319" toolTip="$$$/Configurator/ActionScript/ScriptFile/desc###320" cfgVisible="$$$/Configurator/Attribute/visible/value###321" fileUrl="$$$/Configurator/key_###322" icon="ps_script_file" overIcon="ps_script_file_r" showIcon="true" width="30" height="30" x="136" y="0" mouseUpIcon="icons/IconUp/layerl.png" mouseOverIcon="icons/IconOver/layerl.png" mouseDownSkinIcon="icons/IconOver/layerl.png"/>
      <ps_script_file _itemId="ps_actionscript_scriptfile" label="$$$/Configurator/ActionScript/ScriptFile/name###323" toolTip="$$$/Configurator/ActionScript/ScriptFile/desc###324" cfgVisible="$$$/Configurator/Attribute/visible/value###325" fileUrl="$$$/Configurator/key_###326" icon="ps_script_file" overIcon="ps_script_file_r" showIcon="true" width="30" height="30" x="168" y="0" mouseUpIcon="icons/IconUp/layerlc.png" mouseOverIcon="icons/IconOver/layerlc.png" mouseDownSkinIcon="icons/IconOver/layerlc.png"/>
      <ps_script_file _itemId="ps_actionscript_scriptfile" label="$$$/Configurator/ActionScript/ScriptFile/name###367" toolTip="$$$/Configurator/ActionScript/ScriptFile/desc###368" cfgVisible="$$$/Configurator/Attribute/visible/value###369" fileUrl="$$$/Configurator/key_###370" icon="ps_script_file" overIcon="ps_script_file_r" showIcon="true" x="208" width="30" height="30" mouseUpIcon="icons/IconUp/colorpicker.png" mouseOverIcon="icons/IconOver/colorpicker.png" mouseDownSkinIcon="icons/IconOver/colorpicker.png"/>
      <ps_script_file _itemId="ps_actionscript_scriptfile" label="$$$/Configurator/ActionScript/ScriptFile/name###347" toolTip="$$$/Configurator/ActionScript/ScriptFile/desc###348" cfgVisible="$$$/Configurator/Attribute/visible/value###349" fileUrl="$$$/Configurator/key_###350" icon="ps_script_file" overIcon="ps_script_file_r" showIcon="true" width="30" height="30" x="424" y="0" mouseUpIcon="icons/IconUp/actioncustomone.png" mouseOverIcon="icons/IconOver/actioncustomone.png" mouseDownSkinIcon="icons/IconOver/actioncustomone.png"/>
      <ps_script_file _itemId="ps_actionscript_scriptfile" label="$$$/Configurator/ActionScript/ScriptFile/name###351" toolTip="$$$/Configurator/ActionScript/ScriptFile/desc###352" cfgVisible="$$$/Configurator/Attribute/visible/value###353" fileUrl="$$$/Configurator/key_###354" icon="ps_script_file" overIcon="ps_script_file_r" showIcon="true" width="30" height="30" x="456" y="0" mouseUpIcon="icons/IconUp/actioncustomtwo.png" mouseOverIcon="icons/IconOver/actioncustomtwo.png" mouseDownSkinIcon="icons/IconOver/actioncustomtwo.png"/>
      <ps_script_file _itemId="ps_actionscript_scriptfile" label="$$$/Configurator/ActionScript/ScriptFile/name###355" toolTip="$$$/Configurator/ActionScript/ScriptFile/desc###356" cfgVisible="$$$/Configurator/Attribute/visible/value###357" fileUrl="$$$/Configurator/key_###358" icon="ps_script_file" overIcon="ps_script_file_r" showIcon="true" width="30" height="30" x="488" y="0" mouseUpIcon="icons/IconUp/actioncustomthree.png" mouseOverIcon="icons/IconOver/actioncustomthree.png" mouseDownSkinIcon="icons/IconOver/actioncustomthree.png"/>
      <ps_script_file _itemId="ps_actionscript_scriptfile" label="$$$/Configurator/ActionScript/ScriptFile/name###359" toolTip="$$$/Configurator/ActionScript/ScriptFile/desc###360" cfgVisible="$$$/Configurator/Attribute/visible/value###361" fileUrl="$$$/Configurator/key_###362" icon="ps_script_file" overIcon="ps_script_file_r" showIcon="true" width="30" height="30" x="520" y="0" mouseUpIcon="icons/IconUp/actioncustomfour.png" mouseOverIcon="icons/IconOver/actioncustomfour.png" mouseDownSkinIcon="icons/IconOver/actioncustomfour.png"/>
      <ps_script_file _itemId="ps_actionscript_scriptfile" label="$$$/Configurator/ActionScript/ScriptFile/name###363" toolTip="$$$/Configurator/ActionScript/ScriptFile/desc###364" cfgVisible="$$$/Configurator/Attribute/visible/value###365" fileUrl="$$$/Configurator/key_###366" icon="ps_script_file" overIcon="ps_script_file_r" showIcon="true" width="30" height="30" x="552" y="0" mouseUpIcon="icons/IconUp/actioncustomfive.png" mouseOverIcon="icons/IconOver/actioncustomfive.png" mouseDownSkinIcon="icons/IconOver/actioncustomfive.png"/>
      <ps_script_file _itemId="ps_actionscript_scriptfile" label="$$$/Configurator/ActionScript/ScriptFile/name###309" toolTip="$$$/Configurator/ActionScript/ScriptFile/desc###310" cfgVisible="$$$/Configurator/Attribute/visible/value###311" fileUrl="$$$/Configurator/key_###312" icon="ps_script_file" overIcon="ps_script_file_r" showIcon="true" x="248" width="30" height="30" mouseUpIcon="icons/IconUp/brushpresetone.png" mouseOverIcon="icons/IconOver/brushpresetone.png" mouseDownSkinIcon="icons/IconOver/brushpresetone.png" y="0"/>
      <ps_script_file _itemId="ps_actionscript_scriptfile" label="$$$/Configurator/ActionScript/ScriptFile/name###313" toolTip="$$$/Configurator/ActionScript/ScriptFile/desc###314" cfgVisible="$$$/Configurator/Attribute/visible/value###315" fileUrl="$$$/Configurator/key_###316" icon="ps_script_file" overIcon="ps_script_file_r" showIcon="true" x="280" width="30" height="30" mouseUpIcon="icons/IconUp/magicwandtoolall.png" mouseOverIcon="icons/IconOver/magicwandtoolall.png" mouseDownSkinIcon="icons/IconOver/magicwandtoolall.png" y="0"/>
      <ps_script_file _itemId="ps_actionscript_scriptfile" label="$$$/Configurator/ActionScript/ScriptFile/name###371" toolTip="$$$/Configurator/ActionScript/ScriptFile/desc###372" cfgVisible="$$$/Configurator/Attribute/visible/value###373" fileUrl="$$$/Configurator/key_###374" icon="ps_script_file" overIcon="ps_script_file_r" showIcon="true" x="312" width="30" height="30" mouseUpIcon="icons/IconUp/lassotool.png" mouseOverIcon="icons/IconOver/lassotool.png" mouseDownSkinIcon="icons/IconOver/lassotool.png" y="0"/>
      <ps_script_file _itemId="ps_actionscript_scriptfile" label="$$$/Configurator/ActionScript/ScriptFile/name###349" toolTip="$$$/Configurator/ActionScript/ScriptFile/desc###350" cfgVisible="$$$/Configurator/Attribute/visible/value###351" fileUrl="$$$/Configurator/key_###352" icon="ps_script_file" overIcon="ps_script_file_r" showIcon="true" x="352" width="30" height="30" mouseUpIcon="icons/IconUp/transparencylock.png" mouseOverIcon="icons/IconOver/transparencylock.png" mouseDownSkinIcon="icons/IconOver/transparencylock.png" y="0"/>
      <ps_script_file _itemId="ps_actionscript_scriptfile" label="$$$/Configurator/ActionScript/ScriptFile/name###353" toolTip="$$$/Configurator/ActionScript/ScriptFile/desc###354" cfgVisible="$$$/Configurator/Attribute/visible/value###355" fileUrl="$$$/Configurator/key_###356" icon="ps_script_file" overIcon="ps_script_file_r" showIcon="true" x="384" width="30" height="30" mouseUpIcon="icons/IconUp/transparencyunlock.png" mouseOverIcon="icons/IconOver/transparencyunlock.png" mouseDownSkinIcon="icons/IconOver/transparencyunlock.png" y="0"/>
    </canvas>
  </ConfiguratorPanel>
  <images>
    <image id="ps_script_file" swf="bundles/PHSP-13/PHSP13Bundle.swf_" className="PHSP13Bundle" varName="ps_script_file"/>
    <image id="ps_script_file_r" swf="bundles/PHSP-13/PHSP13Bundle.swf_" className="PHSP13Bundle" varName="ps_script_file_r"/>
    <image id="ps_script_file" swf="bundles/PHSP-13/PHSP13Bundle.swf_" className="PHSP13Bundle" varName="ps_script_file"/>
    <image id="ps_script_file_r" swf="bundles/PHSP-13/PHSP13Bundle.swf_" className="PHSP13Bundle" varName="ps_script_file_r"/>
    <image id="ps_script_file" swf="bundles/PHSP-13/PHSP13Bundle.swf_" className="PHSP13Bundle" varName="ps_script_file"/>
    <image id="ps_script_file_r" swf="bundles/PHSP-13/PHSP13Bundle.swf_" className="PHSP13Bundle" varName="ps_script_file_r"/>
    <image id="ps_script_file" swf="bundles/PHSP-13/PHSP13Bundle.swf_" className="PHSP13Bundle" varName="ps_script_file"/>
    <image id="ps_script_file_r" swf="bundles/PHSP-13/PHSP13Bundle.swf_" className="PHSP13Bundle" varName="ps_script_file_r"/>
    <image id="ps_script_file" swf="bundles/PHSP-13/PHSP13Bundle.swf_" className="PHSP13Bundle" varName="ps_script_file"/>
    <image id="ps_script_file_r" swf="bundles/PHSP-13/PHSP13Bundle.swf_" className="PHSP13Bundle" varName="ps_script_file_r"/>
    <image id="ps_script_file" swf="bundles/PHSP-13/PHSP13Bundle.swf_" className="PHSP13Bundle" varName="ps_script_file"/>
    <image id="ps_script_file_r" swf="bundles/PHSP-13/PHSP13Bundle.swf_" className="PHSP13Bundle" varName="ps_script_file_r"/>
    <image id="ps_script_file" swf="bundles/PHSP-13/PHSP13Bundle.swf_" className="PHSP13Bundle" varName="ps_script_file"/>
    <image id="ps_script_file_r" swf="bundles/PHSP-13/PHSP13Bundle.swf_" className="PHSP13Bundle" varName="ps_script_file_r"/>
    <image id="ps_script_file" swf="bundles/PHSP-13/PHSP13Bundle.swf_" className="PHSP13Bundle" varName="ps_script_file"/>
    <image id="ps_script_file_r" swf="bundles/PHSP-13/PHSP13Bundle.swf_" className="PHSP13Bundle" varName="ps_script_file_r"/>
    <image id="ps_script_file" swf="bundles/PHSP-13/PHSP13Bundle.swf_" className="PHSP13Bundle" varName="ps_script_file"/>
    <image id="ps_script_file_r" swf="bundles/PHSP-13/PHSP13Bundle.swf_" className="PHSP13Bundle" varName="ps_script_file_r"/>
    <image id="ps_script_file" swf="bundles/PHSP-13/PHSP13Bundle.swf_" className="PHSP13Bundle" varName="ps_script_file"/>
    <image id="ps_script_file_r" swf="bundles/PHSP-13/PHSP13Bundle.swf_" className="PHSP13Bundle" varName="ps_script_file_r"/>
    <image id="ps_script_file" swf="bundles/PHSP-13/PHSP13Bundle.swf_" className="PHSP13Bundle" varName="ps_script_file"/>
    <image id="ps_script_file_r" swf="bundles/PHSP-13/PHSP13Bundle.swf_" className="PHSP13Bundle" varName="ps_script_file_r"/>
    <image id="ps_script_file" swf="bundles/PHSP-13/PHSP13Bundle.swf_" className="PHSP13Bundle" varName="ps_script_file"/>
    <image id="ps_script_file_r" swf="bundles/PHSP-13/PHSP13Bundle.swf_" className="PHSP13Bundle" varName="ps_script_file_r"/>
    <image id="ps_script_file" swf="bundles/PHSP-13/PHSP13Bundle.swf_" className="PHSP13Bundle" varName="ps_script_file"/>
    <image id="ps_script_file_r" swf="bundles/PHSP-13/PHSP13Bundle.swf_" className="PHSP13Bundle" varName="ps_script_file_r"/>
    <image id="ps_script_file" swf="bundles/PHSP-13/PHSP13Bundle.swf_" className="PHSP13Bundle" varName="ps_script_file"/>
    <image id="ps_script_file_r" swf="bundles/PHSP-13/PHSP13Bundle.swf_" className="PHSP13Bundle" varName="ps_script_file_r"/>
    <image id="ps_script_file" swf="bundles/PHSP-13/PHSP13Bundle.swf_" className="PHSP13Bundle" varName="ps_script_file"/>
    <image id="ps_script_file_r" swf="bundles/PHSP-13/PHSP13Bundle.swf_" className="PHSP13Bundle" varName="ps_script_file_r"/>
    <image id="ps_script_file" swf="bundles/PHSP-13/PHSP13Bundle.swf_" className="PHSP13Bundle" varName="ps_script_file"/>
    <image id="ps_script_file_r" swf="bundles/PHSP-13/PHSP13Bundle.swf_" className="PHSP13Bundle" varName="ps_script_file_r"/>
    <image id="ps_script_file" swf="bundles/PHSP-13/PHSP13Bundle.swf_" className="PHSP13Bundle" varName="ps_script_file"/>
    <image id="ps_script_file_r" swf="bundles/PHSP-13/PHSP13Bundle.swf_" className="PHSP13Bundle" varName="ps_script_file_r"/>
  </images>
  <scripts/>
  <elements>
    <element id="ConfiguratorPanel" classRT="com.adobe.configurator2.component.panel.PanelRuntime">
      <attr id="name" meta="UI_ACCESSOR" translate="y"/>
      <attr id="minWidth" meta="UI_ACCESSOR" translate="y"/>
      <attr id="minHeight" meta="UI_ACCESSOR" translate="y"/>
      <attr id="maxWidth" meta="UI_ACCESSOR" translate="y"/>
      <attr id="maxHeight" meta="UI_ACCESSOR" translate="y"/>
      <attr id="persistent" meta="Other" translate="y"/>
      <attr id="extensionId" meta="Other" translate="y"/>
      <attr id="extensionVersion" meta="Other" translate="y"/>
      <attr id="extensionAuthor" meta="Other" translate="y"/>
      <attr id="extensionDescription" meta="Other" translate="y"/>
      <attr id="menuName" meta="Other" translate="y"/>
      <attr id="init" meta="EVENT" translate="y"/>
      <attr id="close" meta="EVENT" translate="y"/>
      <attr id="onInit" meta="UI_ACCESSOR" translate="y"/>
      <attr id="aboutBox" meta="UI_ACCESSOR" localize="y" translate="y"/>
      <attr id="flyoutMenuAbout" meta="Other" localize="y" translate="y"/>
      <attr id="normalIcon" meta="UI_ACCESSOR" translate="y"/>
      <attr id="rollOverIcon" meta="UI_ACCESSOR" translate="y"/>
      <attr id="darkNormalIcon" meta="UI_ACCESSOR" translate="y"/>
      <attr id="width" meta="UI_ACCESSOR" translate="y"/>
      <attr id="height" meta="UI_ACCESSOR" translate="y"/>
    </element>
    <element id="canvas" classRT="mx.containers.Canvas">
      <attr id="label" meta="UI_ACCESSOR" localize="y" translate="y"/>
      <attr id="toolTip" meta="UI_ACCESSOR" localize="y" translate="y"/>
      <attr id="top" meta="UI_STYLE" translate="y"/>
      <attr id="bottom" meta="UI_STYLE" translate="y"/>
      <attr id="left" meta="UI_STYLE" translate="y"/>
      <attr id="right" meta="UI_STYLE" translate="y"/>
      <attr id="horizontalCenter" meta="UI_STYLE" translate="y"/>
      <attr id="verticalCenter" meta="UI_STYLE" translate="y"/>
      <attr id="x" meta="UI_ACCESSOR" translate="y"/>
      <attr id="y" meta="UI_ACCESSOR" translate="y"/>
      <attr id="cfgVisible" meta="UI_ACCESSOR" localize="y"/>
      <attr id="width" meta="UI_ACCESSOR" translate="y"/>
      <attr id="height" meta="UI_ACCESSOR" translate="y"/>
    </element>
    <element id="ps_script_file" classRT="com.adobe.configurator2.component.ScriptFileButtonRunTime">
      <attr id="fileUrl" meta="UI_ACCESSOR" localize="y" translate="y"/>
      <attr id="icon" meta="UI_STYLE" localize="y" translate="y"/>
      <attr id="label" meta="UI_ACCESSOR" localize="y" translate="y"/>
      <attr id="toolTip" meta="UI_ACCESSOR" localize="y" translate="y"/>
      <attr id="showIcon" meta="UI_ACCESSOR" translate="y"/>
      <attr id="mouseUpIcon" meta="UI_ACCESSOR" translate="y"/>
      <attr id="mouseOverIcon" meta="UI_ACCESSOR" translate="y"/>
      <attr id="mouseDownSkinIcon" meta="UI_ACCESSOR" translate="y"/>
      <attr id="top" meta="UI_STYLE" translate="y"/>
      <attr id="bottom" meta="UI_STYLE" translate="y"/>
      <attr id="left" meta="UI_STYLE" translate="y"/>
      <attr id="right" meta="UI_STYLE" translate="y"/>
      <attr id="horizontalCenter" meta="UI_STYLE" translate="y"/>
      <attr id="verticalCenter" meta="UI_STYLE" translate="y"/>
      <attr id="x" meta="UI_ACCESSOR" translate="y"/>
      <attr id="y" meta="UI_ACCESSOR" translate="y"/>
      <attr id="cfgVisible" meta="UI_ACCESSOR" localize="y"/>
      <attr id="width" meta="UI_ACCESSOR" translate="y"/>
      <attr id="height" meta="UI_ACCESSOR" translate="y"/>
      <attr id="top" meta="UI_STYLE" translate="y"/>
      <attr id="bottom" meta="UI_STYLE" translate="y"/>
      <attr id="left" meta="UI_STYLE" translate="y"/>
      <attr id="right" meta="UI_STYLE" translate="y"/>
      <attr id="horizontalCenter" meta="UI_STYLE" translate="y"/>
      <attr id="verticalCenter" meta="UI_STYLE" translate="y"/>
      <attr id="x" meta="UI_ACCESSOR" translate="y"/>
      <attr id="y" meta="UI_ACCESSOR" translate="y"/>
      <attr id="cfgVisible" meta="UI_ACCESSOR" localize="y"/>
      <attr id="width" meta="UI_ACCESSOR" translate="y"/>
      <attr id="height" meta="UI_ACCESSOR" translate="y"/>
    </element>
  </elements>
  <properties>
    <property id="LocaleSearchPath2">${HostProductRoot}/Locales/${LocaleID}/Support Files/Panels/${PanelName}/dictionary.xml</property>
    <property id="LocaleSearchPath1">${HostProductRoot}/Locales/${LocaleID}/Support Files/Panels/fsPanels.xml</property>
  </properties>
</gpc>